Niveau,Leçon,Titre_Leçon,Position,Forme_JP,Traduction_EN,Traduction_FR,URL_EN,URL_FR,URL_JA
N3,Leçon 1,"Devoir, Pendant, Selon",1/23,ばいい,"Should, It'd be good if","Il suffit de, Il faudrait",https://bunpro.jp/grammar_points/%E3%81%B0%E3%81%84%E3%81%84,https://bunpro.jp/fr/grammar_points/%E3%81%B0%E3%81%84%E3%81%84,https://bunpro.jp/ja/grammar_points/%E3%81%B0%E3%81%84%E3%81%84
N3,Leçon 1,"Devoir, Pendant, Selon",2/23,たらいい・といい,"I hope, It would be nice if","Ce serait bien si, J'espère",https://bunpro.jp/grammar_points/%E3%81%9F%E3%82%89%E3%81%84%E3%81%84-%E3%81%A8%E3%81%84%E3%81%84,https://bunpro.jp/fr/grammar_points/%E3%81%9F%E3%82%89%E3%81%84%E3%81%84-%E3%81%A8%E3%81%84%E3%81%84,https://bunpro.jp/ja/grammar_points/%E3%81%9F%E3%82%89%E3%81%84%E3%81%84-%E3%81%A8%E3%81%84%E3%81%84
N3,Leçon 1,"Devoir, Pendant, Selon",3/23,中（ちゅう）,"During, Throughout","Pendant, Au cours de",https://bunpro.jp/grammar_points/%E4%B8%AD,https://bunpro.jp/fr/grammar_points/%E4%B8%AD,https://bunpro.jp/ja/grammar_points/%E4%B8%AD
N3,Leçon 1,"Devoir, Pendant, Selon",4/23,の間に,"While, During","Pendant que, Durant",https://bunpro.jp/grammar_points/%E3%81%AE%E9%96%93%E3%81%AB,https://bunpro.jp/fr/grammar_points/%E3%81%AE%E9%96%93%E3%81%AB,https://bunpro.jp/ja/grammar_points/%E3%81%AE%E9%96%93%E3%81%AB
N3,Leçon 1,"Devoir, Pendant, Selon",5/23,うちに,"While, During (before change)","Pendant que, Tant que",https://bunpro.jp/grammar_points/%E3%81%86%E3%81%A1%E3%81%AB,https://bunpro.jp/fr/grammar_points/%E3%81%86%E3%81%A1%E3%81%AB,https://bunpro.jp/ja/grammar_points/%E3%81%86%E3%81%A1%E3%81%AB
N3,Leçon 1,"Devoir, Pendant, Selon",6/23,ないうちに,"Before it becomes, Without","Avant que, Sans",https://bunpro.jp/grammar_points/%E3%81%AA%E3%81%84%E3%81%86%E3%81%A1%E3%81%AB,https://bunpro.jp/fr/grammar_points/%E3%81%AA%E3%81%84%E3%81%86%E3%81%A1%E3%81%AB,https://bunpro.jp/ja/grammar_points/%E3%81%AA%E3%81%84%E3%81%86%E3%81%A1%E3%81%AB
N3,Leçon 1,"Devoir, Pendant, Selon",7/23,べき,"Must, Should, Ought to","Doit, Devrait",https://bunpro.jp/grammar_points/%E3%81%B9%E3%81%8D,https://bunpro.jp/fr/grammar_points/%E3%81%B9%E3%81%8D,https://bunpro.jp/ja/grammar_points/%E3%81%B9%E3%81%8D
N3,Leçon 1,"Devoir, Pendant, Selon",8/23,べきではない,"Should not, Must not",Ne devrait pas,https://bunpro.jp/grammar_points/%E3%81%B9%E3%81%8D%E3%81%A7%E3%81%AF%E3%81%AA%E3%81%84,https://bunpro.jp/fr/grammar_points/%E3%81%B9%E3%81%8D%E3%81%A7%E3%81%AF%E3%81%AA%E3%81%84,https://bunpro.jp/ja/grammar_points/%E3%81%B9%E3%81%8D%E3%81%A7%E3%81%AF%E3%81%AA%E3%81%84
N3,Leçon 1,"Devoir, Pendant, Selon",9/23,って,As for (casual は),En ce qui concerne (informel),https://bunpro.jp/grammar_points/%E3%81%A3%E3%81%A6-slang,https://bunpro.jp/fr/grammar_points/%E3%81%A3%E3%81%A6-slang,https://bunpro.jp/ja/grammar_points/%E3%81%A3%E3%81%A6-slang
N3,Leçon 1,"Devoir, Pendant, Selon",10/23,なかなか,"Very, Quite, Considerably","Vraiment, Assez",https://bunpro.jp/grammar_points/%E3%81%AA%E3%81%8B%E3%81%AA%E3%81%8B,https://bunpro.jp/fr/grammar_points/%E3%81%AA%E3%81%8B%E3%81%AA%E3%81%8B,https://bunpro.jp/ja/grammar_points/%E3%81%AA%E3%81%8B%E3%81%AA%E3%81%8B
N3,Leçon 1,"Devoir, Pendant, Selon",11/23,あまり,So much...that,Tellement... que,https://bunpro.jp/grammar_points/%E3%81%82%E3%81%BE%E3%82%8A,https://bunpro.jp/fr/grammar_points/%E3%81%82%E3%81%BE%E3%82%8A,https://bunpro.jp/ja/grammar_points/%E3%81%82%E3%81%BE%E3%82%8A
N3,Leçon 1,"Devoir, Pendant, Selon",12/23,なかなか～ない,"Not easily, Hardly","Pas vraiment, À peine",https://bunpro.jp/grammar_points/%E3%81%AA%E3%81%8B%E3%81%AA%E3%81%8B-%E3%81%AA%E3%81%84,https://bunpro.jp/fr/grammar_points/%E3%81%AA%E3%81%8B%E3%81%AA%E3%81%8B-%E3%81%AA%E3%81%84,https://bunpro.jp/ja/grammar_points/%E3%81%AA%E3%81%8B%E3%81%AA%E3%81%8B-%E3%81%AA%E3%81%84
N3,Leçon 1,"Devoir, Pendant, Selon",13/23,によると,According to,"Selon, D'après",https://bunpro.jp/grammar_points/%E3%81%AB%E3%82%88%E3%82%8B%E3%81%A8-%E3%81%AB%E3%82%88%E3%82%8C%E3%81%B0,https://bunpro.jp/fr/grammar_points/%E3%81%AB%E3%82%88%E3%82%8B%E3%81%A8-%E3%81%AB%E3%82%88%E3%82%8C%E3%81%B0,https://bunpro.jp/ja/grammar_points/%E3%81%AB%E3%82%88%E3%82%8B%E3%81%A8-%E3%81%AB%E3%82%88%E3%82%8C%E3%81%B0
N3,Leçon 1,"Devoir, Pendant, Selon",14/23,による,"By means of, Depending on","Selon, En raison de",https://bunpro.jp/grammar_points/%E3%81%AB%E3%82%88%E3%81%A3%E3%81%A6-%E3%81%AB%E3%82%88%E3%82%8B,https://bunpro.jp/fr/grammar_points/%E3%81%AB%E3%82%88%E3%81%A3%E3%81%A6-%E3%81%AB%E3%82%88%E3%82%8B,https://bunpro.jp/ja/grammar_points/%E3%81%AB%E3%82%88%E3%81%A3%E3%81%A6-%E3%81%AB%E3%82%88%E3%82%8B
N3,Leçon 1,"Devoir, Pendant, Selon",15/23,全く～ない,Not at all,Pas du tout,https://bunpro.jp/grammar_points/%E5%85%A8%E3%81%8F-%E3%81%AA%E3%81%84,https://bunpro.jp/fr/grammar_points/%E5%85%A8%E3%81%8F-%E3%81%AA%E3%81%84,https://bunpro.jp/ja/grammar_points/%E5%85%A8%E3%81%8F-%E3%81%AA%E3%81%84
N3,Leçon 1,"Devoir, Pendant, Selon",16/23,ことだ,"Should, Ought","Devrait, Il faut",https://bunpro.jp/grammar_points/%E3%81%93%E3%81%A8%E3%81%A0,https://bunpro.jp/fr/grammar_points/%E3%81%93%E3%81%A8%E3%81%A0,https://bunpro.jp/ja/grammar_points/%E3%81%93%E3%81%A8%E3%81%A0
N3,Leçon 1,"Devoir, Pendant, Selon",17/23,そうだ,"I heard that, It is said that","J'ai entendu que, On dit que",https://bunpro.jp/grammar_points/%E3%81%9D%E3%81%86%E3%81%A0,https://bunpro.jp/fr/grammar_points/%E3%81%9D%E3%81%86%E3%81%A0,https://bunpro.jp/ja/grammar_points/%E3%81%9D%E3%81%86%E3%81%A0
N3,Leçon 1,"Devoir, Pendant, Selon",18/23,すると,"Having done..., Then","Alors, Après avoir fait",https://bunpro.jp/grammar_points/%E3%81%99%E3%82%8B%E3%81%A8,https://bunpro.jp/fr/grammar_points/%E3%81%99%E3%82%8B%E3%81%A8,https://bunpro.jp/ja/grammar_points/%E3%81%99%E3%82%8B%E3%81%A8
N3,Leçon 1,"Devoir, Pendant, Selon",19/23,そうすると,"Having done that, Then","Alors, Si c'est le cas",https://bunpro.jp/grammar_points/%E3%81%9D%E3%81%86%E3%81%99%E3%82%8B%E3%81%A8,https://bunpro.jp/fr/grammar_points/%E3%81%9D%E3%81%86%E3%81%99%E3%82%8B%E3%81%A8,https://bunpro.jp/ja/grammar_points/%E3%81%9D%E3%81%86%E3%81%99%E3%82%8B%E3%81%A8
N3,Leçon 1,"Devoir, Pendant, Selon",20/23,のは～の方だ,"It is...that..., It is...who...","C'est... qui..., C'est... que...",https://bunpro.jp/grammar_points/%E3%81%AE%E3%81%AFx%E3%81%AE%E6%96%B9%E3%81%A0,https://bunpro.jp/fr/grammar_points/%E3%81%AE%E3%81%AFx%E3%81%AE%E6%96%B9%E3%81%A0,https://bunpro.jp/ja/grammar_points/%E3%81%AE%E3%81%AFx%E3%81%AE%E6%96%B9%E3%81%A0
N3,Leçon 1,"Devoir, Pendant, Selon",21/23,Noun + 型,"Model, Type, Pattern","Modèle, Type",https://bunpro.jp/grammar_points/noun-%E5%9E%8B,https://bunpro.jp/fr/grammar_points/noun-%E5%9E%8B,https://bunpro.jp/ja/grammar_points/noun-%E5%9E%8B
N3,Leçon 1,"Devoir, Pendant, Selon",22/23,てごらん,"Please try to, Please look","Essaie de, Regarde",https://bunpro.jp/grammar_points/%E3%81%A6%E3%81%94%E3%82%89%E3%82%93,https://bunpro.jp/fr/grammar_points/%E3%81%A6%E3%81%94%E3%82%89%E3%82%93,https://bunpro.jp/ja/grammar_points/%E3%81%A6%E3%81%94%E3%82%89%E3%82%93
N3,Leçon 1,"Devoir, Pendant, Selon",23/23,させてもらう,To take the liberty of doing,Permettre de faire,https://bunpro.jp/grammar_points/%E3%81%95%E3%81%9B%E3%81%A6%E3%82%82%E3%82%89%E3%81%86,https://bunpro.jp/fr/grammar_points/%E3%81%95%E3%81%9B%E3%81%A6%E3%82%82%E3%82%89%E3%81%86,https://bunpro.jp/ja/grammar_points/%E3%81%95%E3%81%9B%E3%81%A6%E3%82%82%E3%82%89%E3%81%86
